min,max,mean
21.96,27.75,23.181951219512197
1.09,9.39,5.869593356242841
10.5,18.5,11.853084025854109
32.94,44.25,36.031666666666666
